0,1,2,3,4,5,6,7,8,9,10,11,12,13,14,15,16,17,18,19,20,21,22,23,24,25,26,27,28,29,30,31,32,33,34,35,36,37,38,39,40,41,42,43,44,45,46,47,48,49,50,51
-8.586455762,-33.17391797,1.528067173,-0.29363352,0.422935506,-0.089306809,0.118221709,-0.048043221,0.01106897,-0.079735827,0.159404888,0.010108695,-0.06489309,74.80864135,204.4019198,0.479405687,0.274073288,0.244563258,0.219191105,0.189177889,0.189351432,0.187312967,0.195695675,0.181982261,0.178314468,0.1767172,-708.3964185,-1945.76624,-0.755989897,-1.269933018,-0.373354751,-0.753368208,-0.499296468,-0.599584762,-0.578864126,-0.596331791,-0.331143108,-0.480886107,-0.702011626,0.867096155,-8.742363042,2.597866442,0.932190079,0.981075662,0.592575387,0.684872186,0.408931719,0.579249845,0.486730236,0.775172111,0.561463922,0.434829941
-7.360505065,-31.81483784,1.795854316,-0.093438343,0.472541618,0.018209507,0.114669456,-0.062463544,0.003874235,-0.08949871,0.1440384,0.087921694,0.055083034,74.33889811,202.8996332,0.512688117,0.283941491,0.354067251,0.230290389,0.192545512,0.229175034,0.22816359,0.221169622,0.195271306,0.194647968,0.187291653,-708.3964185,-1945.76624,-0.614080948,-0.932015193,-0.505381118,-0.804970307,-0.547554993,-0.930835854,-0.702937032,-0.707371173,-0.544873258,-0.463238293,-0.44552223,2.828078252,-6.601304035,2.889901896,0.666569153,1.477420571,0.732746178,0.811085471,0.568602182,0.620489859,0.556027433,0.769014646,0.841321721,0.645392409
-7.704502869,-31.11346422,1.466324128,-0.098964388,0.459061892,0.063702418,0.107548025,-0.018618362,0.039717776,0.012986076,0.106922559,0.008137179,-0.023549952,71.0014474,193.9348841,0.518173987,0.262486842,0.292005809,0.226720018,0.208156511,0.185742926,0.216550308,0.177441359,0.178638358,0.163006431,0.165142111,-708.3964185,-1945.76624,-0.640007122,-0.914600977,-0.300255282,-0.755065032,-0.514664963,-0.529156094,-0.603339037,-0.619351815,-0.497446068,-0.474988485,-0.585109542,1.843799714,-8.745382689,2.716086228,0.694225802,1.212663433,0.802413034,0.793703976,0.602982729,0.722480009,0.583908977,0.634645639,0.505875373,0.515104928
-9.965730318,-35.00370174,1.36213021,-0.118849327,0.292288171,-0.052398781,0.096052493,-0.038680318,0.103355419,0.078061041,0.155935803,0.022381213,0.062264138,74.06326159,202.562316,0.440098445,0.276008228,0.277132836,0.236834781,0.194845139,0.204904323,0.204635101,0.193862007,0.199380529,0.19456454,0.178568203,-708.3964185,-1945.76624,-0.400868217,-0.95205909,-0.660534585,-0.955056825,-0.692396982,-0.601516094,-0.539169264,-0.574523025,-0.686699005,-0.65798611,-0.512801989,1.621008474,-9.759662316,2.94581749,0.644217449,1.023352951,0.615564757,0.80537561,0.607098064,0.665346974,0.625349014,0.875000071,0.613094502,0.669747302
-6.35319225,-28.32333799,1.480258059,-0.062496109,0.335524978,0.022462009,0.126921699,-0.01846302,0.047234982,0.042432753,0.14294406,0.046600052,0.064504955,68.27717181,186.413862,0.526659858,0.344454911,0.271300195,0.233713714,0.211804888,0.201408827,0.2023588,0.175992331,0.202020364,0.194629274,0.16551241,-708.3964185,-1945.76624,-0.622045547,-1.208337917,-0.490905771,-0.616029171,-0.595024633,-0.638348706,-0.573742723,-0.479256888,-0.372484976,-0.464969157,-0.454632173,2.699886319,-6.393095492,2.568678148,0.841621478,1.040558414,0.734970695,0.652230126,0.481626864,0.588654333,0.707933477,0.908855238,0.720837355,0.508958944
-6.866747127,-30.22957389,1.267486548,-0.199464219,0.39479673,-0.005270093,0.017090897,0.034244932,0.078561415,0.098755853,0.155704527,0.070643912,0.067370805,73.04230349,199.3761154,0.432307705,0.263990111,0.300466679,0.225530469,0.223159616,0.192368072,0.193498041,0.189913662,0.188447639,0.209300887,0.183063848,-708.3964185,-1945.76624,-0.554920848,-0.928847839,-0.600945411,-0.591571662,-0.651465936,-0.483884932,-0.703185387,-0.423663464,-0.407788652,-0.758980727,-0.504666933,2.789806875,-6.660997847,2.200692868,0.517095123,1.25116892,0.698091801,0.701251502,0.6330413,0.744882018,0.681329766,0.646171609,0.757437436,0.526159598
-9.934838238,-36.83651131,1.546927689,-0.008473683,0.370927636,0.138215884,0.290876486,-0.039549997,0.039594484,-0.007188952,0.063703122,0.038818789,-0.008494074,77.1130799,210.6305795,0.595766562,0.270881985,0.321384068,0.215984569,0.218006446,0.192354607,0.203076542,0.211957141,0.1951912,0.19893881,0.197116428,-708.3964185,-1945.76624,-0.627736977,-1.17005896,-0.602153743,-0.599418115,-0.367724514,-0.700065093,-0.698012176,-0.6357665,-0.593229788,-0.540734761,-0.716565462,1.8796156,-9.248736151,2.751704715,0.752086581,1.284465992,0.719437441,0.91930547,0.478066354,0.552783854,0.580619384,0.57775236,0.719388301,0.509199761
-9.245665992,-35.7193838,1.233497036,-0.01725231,0.385195461,0.004665877,0.097221669,-0.119483829,0.079669635,0.106802315,0.083245892,-0.00772827,-0.096247978,76.58530429,209.1385686,0.664289591,0.300218075,0.252085505,0.245435976,0.224323598,0.219614764,0.194011659,0.189512488,0.221588783,0.199010287,0.187259706,-708.3964185,-1945.76624,-0.451788457,-0.975329858,-0.300162842,-0.939763312,-0.61793853,-0.796020506,-0.510465879,-0.547360257,-0.762310815,-0.771772331,-0.617328442,1.834655523,-8.180419617,2.724454995,0.879974249,1.519063808,0.822109556,0.981529775,0.513038147,0.72561167,0.71414083,0.784884193,0.474511246,0.449008876
-8.864986514,-34.66351127,1.093067361,-0.079759832,0.484424047,-0.025234428,0.167621668,-0.09385648,0.04779289,0.138018491,0.12475074,0.030006706,-0.034872036,74.83538786,204.3377288,0.58232622,0.31953041,0.265837496,0.232779236,0.196767374,0.212739702,0.192766974,0.204007626,0.214030529,0.215843633,0.180051037,-708.3964185,-1945.76624,-0.565496165,-1.023779959,-0.278792639,-0.742967086,-0.582951742,-0.793403842,-0.562870626,-0.706953411,-0.524955512,-0.554543558,-0.715169704,2.38912556,-9.519650548,2.539985189,0.819539119,1.359248941,0.590325359,0.919075993,0.64485412,0.590954828,0.724536207,0.769319543,0.618617887,0.452677186
-10.76746961,-38.47275933,1.134439466,-0.077013475,0.408066197,0.111095496,0.185974971,-0.084866985,0.085598618,0.102361605,0.147559142,-0.002995541,-0.042563698,79.91621293,218.3961473,0.665257624,0.312101514,0.298692194,0.239120426,0.216643176,0.1997587,0.215938876,0.198586213,0.191396457,0.173437186,0.189282031,-708.3964185,-1945.76624,-0.651312831,-1.437209444,-0.342698386,-0.617174946,-0.513703732,-0.73796154,-0.570941402,-0.551555731,-0.391011833,-0.510705651,-0.735314256,1.976425382,-10.48138921,2.642095951,0.6821244,1.610943735,0.750807135,0.752629291,0.649634275,0.601534586,0.797404418,0.708570832,0.494121993,0.481551575
-9.839378112,-36.97184982,1.709741068,-0.044872696,0.22500344,0.195183097,0.129627038,-0.073989139,0.052764863,-0.005220141,0.070319872,-0.010584516,-0.008757309,78.63371764,214.7804392,0.827228765,0.35310804,0.328889965,0.242318696,0.223744323,0.222303003,0.215361043,0.243167951,0.248415131,0.274881121,0.233772458,-708.3964185,-1945.76624,-0.611448263,-1.273277292,-0.635945206,-0.505838034,-0.596064235,-0.745134065,-0.50886975,-0.792630993,-0.745611996,-1.035267873,-0.863118946,2.426568065,-8.17778265,3.559103127,1.457902821,1.1160542,0.925168711,0.79542462,0.688918753,0.676325542,0.633148411,0.75259411,0.748526327,0.573187564
-9.160852029,-34.34281087,1.466536939,-0.156324551,0.417537184,0.097511771,0.08118423,-0.099087533,0.023331541,0.034404287,0.099603767,-0.074892796,-0.054544271,74.09484244,202.4538128,0.646074342,0.291043188,0.269073615,0.233254837,0.219596097,0.213847711,0.203184856,0.204692104,0.220913785,0.214273773,0.213017081,-708.3964185,-1945.76624,-0.585700668,-1.1010545,-0.353652086,-0.634727887,-0.567366732,-0.669257834,-0.551782146,-0.591731948,-0.70065395,-0.873081357,-0.94455862,3.32872062,-6.235392869,3.243666118,0.589755447,1.144049304,0.806186183,0.88467424,0.471175483,0.655642448,0.638836885,0.651398344,0.493723636,0.439912594
-9.373242321,-35.12797577,1.424564998,-0.374296245,0.455324023,-0.011120127,0.134950089,-0.035729643,0.029070638,0.065734796,0.142427975,0.001949137,-0.013596365,76.5685888,209.207015,0.594432316,0.252754157,0.300726311,0.224021424,0.197951077,0.19216478,0.184781439,0.196908357,0.199639187,0.181143954,0.189291778,-708.3964185,-1945.76624,-0.713723864,-1.094090913,-0.427373554,-0.655041974,-0.488724448,-0.653803172,-0.690400324,-0.659928408,-0.822930938,-0.83024354,-0.782043115,2.848587894,-6.118958414,2.894280849,0.418018098,1.386658186,0.893545206,0.802270455,0.493764635,0.609582053,0.646173658,0.792750834,0.452906489,0.496280003
-9.469984098,-36.70457377,1.317396526,-0.088587744,0.537148206,0.110492147,0.202228093,-0.070904976,0.027121168,0.079044781,0.108585387,0.044922685,-0.034836967,77.97580784,212.8958648,0.694847006,0.308981738,0.302387066,0.223221293,0.222733936,0.205388678,0.221738246,0.24522709,0.220892881,0.215770365,0.199373137,-708.3964185,-1945.76624,-0.517542915,-1.190306189,-0.307738758,-0.559702605,-0.682682646,-0.68433581,-0.666246578,-0.597858756,-0.724039763,-0.996402356,-0.731811949,2.350753574,-9.23931803,3.141584842,1.130460104,1.389602549,0.840096308,0.933472294,0.483087518,0.745720033,0.860704731,0.765512986,0.712350542,0.531407031
-10.36868379,-37.63356846,1.714410233,-0.129029247,0.444616553,0.1239262,0.202952333,-0.086539465,0.097319931,0.031104523,0.218536994,-0.003282847,0.033310899,79.14412718,216.2774884,0.718004809,0.302545909,0.27134875,0.220158299,0.210644732,0.202087255,0.17651086,0.209742552,0.18694793,0.168128071,0.164571221,-708.3964185,-1945.76624,-0.594178403,-0.893104518,-0.244242104,-0.495948366,-0.531480519,-0.779433291,-0.531897415,-0.594178402,-0.380597885,-0.556870092,-0.490741444,1.820498706,-9.739106531,3.627671239,0.721498524,1.195554568,0.692509333,1.005739648,0.470520097,0.651399957,0.603096767,0.847622812,0.461394588,0.456017701
-8.101864921,-31.8394671,1.614289158,-0.116209736,0.292690045,0.074694482,0.025991742,-0.03612114,0.015984089,0.104063152,0.192843601,0.002045515,-0.010172322,72.26124112,197.4315521,0.590996859,0.269886688,0.31486596,0.232282295,0.223552302,0.20116055,0.187702857,0.19483054,0.188375203,0.171911928,0.198533645,-708.3964185,-1945.76624,-0.607336023,-1.070938553,-1.056422263,-0.858008033,-0.727084975,-0.641965401,-0.760260107,-0.607646898,-0.356462338,-0.505394029,-0.702268996,1.411823452,-8.43402675,3.586039445,0.522096372,1.165896111,0.879964438,0.666734308,0.621225964,0.572134993,0.736880321,0.780624808,0.571054037,0.532090073
-9.812922103,-35.87504838,1.292989655,-0.290359059,0.481658668,-0.052722474,0.131685418,-0.109130347,0.022661522,0.041997326,0.080423318,-0.01665452,-0.048674699,77.2546087,211.1226024,0.436385364,0.286615866,0.270020284,0.197257401,0.205401427,0.203950002,0.199625842,0.191194911,0.177809128,0.183061932,0.178998212,-708.3964185,-1945.76624,-0.380019412,-1.041526298,-0.419962476,-0.60205599,-0.520862012,-1.165284335,-0.517154669,-0.540194754,-0.483427481,-0.531492377,-0.65092747,2.106066369,-8.6295255,2.541880136,0.604346181,1.342219376,0.761397603,0.756063429,0.449273405,0.620748299,0.838871343,0.747272061,0.664388257,0.462727011
-7.303647567,-30.80213343,1.796856554,-0.321446376,0.404930659,0.044123305,0.106139621,0.007414145,0.080644594,0.041642964,0.173063261,-0.008521898,0.032452109,72.34723929,197.5416369,0.51128532,0.273056904,0.275697989,0.208582816,0.208491943,0.201006592,0.19984894,0.185976088,0.190393498,0.190593347,0.159249837,-708.3964185,-1945.76624,-0.671387313,-1.025126701,-0.510780889,-0.543348393,-0.486364792,-0.622269282,-0.513550485,-0.492325177,-0.523644452,-0.52722924,-0.473728926,1.985474734,-7.052907951,2.629605668,0.541839679,1.113726162,0.785135915,0.882395731,0.546595654,0.658920897,0.644927402,0.744148367,0.58722082,0.511293518
-8.825101844,-34.91533359,1.741464873,-0.124728514,0.378062497,0.072724041,0.134691644,0.03359407,0.1553201,0.062848081,0.196752373,0.009257908,0.011249408,78.73418995,215.0077348,0.539539124,0.28092835,0.279265729,0.207698207,0.217808364,0.195030896,0.188399985,0.18242068,0.183776649,0.167186816,0.16281449,-708.3964185,-1945.76624,-0.808341037,-1.070925023,-0.336393847,-0.485480605,-0.490863892,-0.584109412,-0.44648046,-0.543495734,-0.350972877,-0.507917685,-0.545331481,1.975447488,-7.177244371,2.777818434,0.742573139,1.194252011,0.737190442,0.793993563,0.6016668,0.792795435,0.536455844,0.884305828,0.505818753,0.568370317
-8.008451634,-33.34857909,1.649856743,0.22524498,0.483919681,0.113232444,0.368047949,-0.066088749,0.00946779,0.186423194,0.083883128,-0.008029523,-0.025325135,72.28280249,197.2786867,0.699076302,0.342960889,0.259350357,0.213743304,0.235325226,0.210764371,0.191047371,0.216192402,0.18463933,0.171657395,0.211845356,-708.3964185,-1945.76624,-1.307952699,-0.826257366,-0.398639918,-0.569969035,-0.504137176,-0.781981226,-0.578236829,-0.35641653,-0.411817506,-0.510462394,-0.523891117,1.956057176,-9.583312869,3.115505857,1.321120824,1.199609689,0.769213732,1.026321469,0.641357265,0.594477157,1.200455411,0.775317679,0.485604116,0.71759318
-2.09476629,-17.23385358,3.096280923,-0.854057957,0.408698977,-0.070782816,0.254280551,-0.138426649,0.162360017,-0.073422588,0.118181024,-0.03789013,0.072758964,39.19889929,106.9212714,0.803887167,0.442789857,0.261589025,0.271964148,0.216327132,0.210772843,0.203755152,0.215430632,0.19837925,0.205413199,0.196374522,-708.3964185,-1945.76624,-0.601897324,-2.466618335,-0.514553658,-0.894366866,-0.397839349,-0.829045776,-0.489686868,-0.769456758,-0.609435365,-0.699669246,-0.54138564,3.030492806,-6.609397585,4.767849546,1.108006941,1.438337388,0.85577312,0.964763909,0.501837173,0.879324384,0.732513656,0.803116628,0.609425639,0.777681665
-3.970743471,-21.48801413,2.407654553,-0.955470347,0.498741551,-0.051943847,0.323287494,-0.094838244,0.082562781,-0.179242136,0.073711474,-0.04606977,0.038503877,53.14760711,145.0887802,0.685474444,0.348296365,0.244528996,0.202633569,0.197779292,0.189018144,0.196954191,0.197190359,0.182715533,0.183634072,0.158661736,-708.3964185,-1945.76624,-0.640395489,-1.945678326,-0.326911879,-0.675195941,-0.358892876,-0.626697936,-0.543611331,-0.928359951,-0.449974433,-0.671608949,-0.511475955,2.362735993,-6.312718373,3.937722006,0.436759575,1.319027868,0.589296184,0.862769213,0.513255225,0.785424045,0.594005144,0.680011635,0.58303317,0.513369851
-3.649413971,-22.83584613,1.943688967,-0.774812791,0.654244707,-0.051053021,0.273746202,-0.101050541,0.124998968,-0.041446126,0.212628322,-0.127016246,-0.01162612,58.3446329,159.1028981,0.795855963,0.228498263,0.246965272,0.213722307,0.186058913,0.192543634,0.195439306,0.180949728,0.187650658,0.180528711,0.179190422,-708.3964185,-1945.76624,-0.645946607,-1.380615505,-0.273440562,-0.757012438,-0.366729168,-0.741854212,-0.566087744,-0.620317666,-0.313042628,-0.759480864,-0.539277184,3.136634791,-6.847388122,3.764816376,0.315084716,1.257669471,0.49430675,0.816924643,0.4980551,0.668043511,0.58836159,0.880724932,0.479553601,0.638480721
-5.993882447,-26.49820241,2.271091465,-0.649847204,0.373287688,-0.173747639,0.267483666,-0.109294487,0.127688546,-0.087195133,0.123689992,0.03374438,0.086878482,63.31213902,172.8971745,0.811279794,0.303114464,0.24866628,0.195983872,0.206149487,0.187999988,0.183978917,0.177957523,0.177940442,0.171712974,0.168559074,-708.3964185,-1945.76624,-0.593232149,-1.655679394,-0.370112156,-0.784814362,-0.36419768,-0.658702945,-0.421651409,-0.588066918,-0.441523401,-0.493618268,-0.335092891,2.70049426,-5.634678055,3.384377384,0.43532671,1.052929347,0.462399207,0.978795253,0.419563408,0.745167508,0.534365816,0.655492952,0.542896153,0.775137412
-5.5442696,-29.12680965,1.536154128,-0.556581594,0.411415953,0.005995546,0.505378049,-0.022753568,0.154705052,-0.132536276,0.140551127,-0.060177359,-0.049301435,71.25972332,194.1598561,0.688741567,0.317576064,0.232463447,0.218879454,0.225774525,0.187416486,0.18902435,0.211677229,0.21208687,0.193246136,0.19000766,-708.3964185,-1945.76624,-0.501701671,-1.412306514,-0.490382218,-0.875743558,-0.350657363,-0.583249372,-0.438338963,-0.695843011,-0.422462568,-0.623819118,-0.645431978,4.331830227,-6.693550604,3.072683067,0.415312765,1.016903636,0.599729614,1.291541753,0.593228933,0.894402773,0.434938873,0.796581982,0.466614018,0.541050777
-4.938665484,-25.55242788,2.453222368,-0.332196073,0.613175524,-0.233991544,0.265160258,-0.123717412,0.322169019,-0.059834886,0.152901249,-0.034586233,-0.026871693,64.15966997,175.0240842,0.601888597,0.25093679,0.241345069,0.209960858,0.223269943,0.194222316,0.196373868,0.181870701,0.170139864,0.16759927,0.167538268,-708.3964185,-1945.76624,-0.529409614,-1.050267547,-0.238790461,-0.814748057,-0.377088465,-0.636281804,-0.478060114,-0.665489227,-0.398651563,-0.535834066,-0.523526183,3.128701766,-6.025652449,3.86298919,0.494404001,1.434482938,0.405721829,0.942994221,0.496944742,0.84756188,0.415751265,0.685209367,0.535922814,0.603306862
-2.69336321,-18.61458712,2.457530058,-0.31695696,0.632780793,-0.173311821,0.339949973,0.030120063,0.440960728,0.100181436,0.166925865,0.014345776,0.029726991,41.36746701,112.8093732,0.726099949,0.294521351,0.277722781,0.253760925,0.250540948,0.216117593,0.214301397,0.190894228,0.197293183,0.193052663,0.176770599,-708.3964185,-1945.76624,-0.321305372,-1.499017917,-0.278718349,-1.341070095,-0.495160656,-0.760178195,-0.387219095,-0.496038176,-0.406060172,-0.786440263,-0.732074935,3.664933452,-4.946079916,3.723768003,0.467033824,1.605427302,0.55831524,1.345881463,0.708529784,1.184944767,0.982654621,0.809527364,0.797518883,0.638347135
-3.630512377,-22.68226036,2.904898365,-0.678325537,0.162024633,-0.163799675,0.417415912,-0.030321454,0.276622574,-0.056484443,0.068558077,-0.058788987,0.068645911,57.0054516,155.4437403,0.744391448,0.323624533,0.41568831,0.244842869,0.269286344,0.209012818,0.209553469,0.187414459,0.186216914,0.194392861,0.180022879,-708.3964185,-1945.76624,-0.428574437,-1.8005799,-0.715700509,-1.280734562,-0.2324145,-0.826359456,-0.29255295,-0.697968831,-0.541275137,-0.718768864,-0.521011369,3.298192553,-5.571403924,4.417122074,0.45177366,1.549356874,0.48974523,1.400977526,0.52591369,1.037855107,0.577569853,0.755828012,0.564905462,0.615381954
-3.163339851,-21.54219313,2.559166421,-0.648147208,0.477611363,-0.123669545,0.284217719,-0.027277363,0.193733857,-0.102549471,0.180216389,0.019323172,0.048781995,56.00618984,152.7131644,0.717012458,0.245869829,0.246885667,0.218525652,0.197267284,0.185591906,0.180389297,0.191777572,0.191460233,0.171146766,0.176470304,-708.3964185,-1945.76624,-0.547822346,-1.470998429,-0.392283587,-0.752110609,-0.257878756,-0.649424908,-0.392795629,-0.807276766,-0.460902858,-0.526935394,-0.612590747,3.358362829,-5.100741803,3.724323923,0.414915155,1.438332123,0.67775119,1.069123972,0.868934375,0.781911732,0.473228557,0.922560735,0.538732523,0.585405133
-6.40120489,-29.00200161,2.609837898,-0.805484524,0.199431217,-0.024877374,0.335683553,-0.066802775,0.240161557,-0.083964372,0.139752321,0.034377262,0.080987081,67.77628614,184.9233123,0.815246043,0.272898176,0.269288778,0.217724812,0.224037842,0.196714502,0.209676623,0.174881038,0.176732051,0.175998195,0.167800482,-708.3964185,-1945.76624,-0.438729817,-1.482856554,-0.5470968,-0.673631565,-0.381056678,-0.668564091,-0.485740516,-0.649540968,-0.387996196,-0.519638832,-0.5030479,2.754048965,-5.587438664,3.894719883,0.178527845,1.100404637,0.756108452,1.004649444,0.543498178,0.951826989,0.622159792,0.695792238,0.575340862,0.579692935
-7.261224627,-32.17966415,2.489299075,-0.532631365,0.423038759,-0.115112701,0.284389075,-0.077341026,0.135243666,-0.092079393,0.037676054,-0.099343165,0.037872721,75.6654065,206.3907155,0.695067746,0.241651666,0.245521984,0.196069212,0.212281028,0.175722267,0.181984989,0.180583185,0.168282906,0.183972993,0.178888656,-708.3964185,-1945.76624,-0.381571508,-1.234929771,-0.377148191,-0.683552939,-0.411262875,-0.711822531,-0.537023752,-0.705927217,-0.40324606,-0.715009735,-0.557281038,3.97373635,-7.122183247,3.827006295,0.435477721,1.082976556,0.469489315,0.91300927,0.514556521,0.72402184,0.442119841,0.67450145,0.431260024,0.566972873
-3.7331191,-23.34266323,2.71659501,-0.810047114,0.393842553,0.162125505,0.470375443,0.102665759,0.344488777,0.006551329,0.145265459,0.057886356,0.058525527,56.70451936,154.5928967,0.87622664,0.42345829,0.267043232,0.240102789,0.221847727,0.202017865,0.20070495,0.184337544,0.197991834,0.171851173,0.162359299,-708.3964185,-1945.76624,-0.598252602,-1.860195912,-0.488451365,-0.590691551,-0.239397582,-0.536457881,-0.569191298,-0.587750296,-0.466256311,-0.454110038,-0.422890581,3.731734482,-7.010441559,5.286781111,0.410697118,1.442343279,0.989338286,1.241224605,0.804326994,1.019901247,0.655945254,0.939959791,0.714549859,0.572379966
-3.380898367,-22.98082621,2.794718351,-0.489595921,0.657014505,0.037205674,0.359152415,0.109478173,0.355472025,0.102619034,0.169301734,0.010760177,0.08479885,58.9712399,160.745792,0.820327445,0.400116985,0.292419496,0.201048592,0.193318071,0.211027554,0.186686149,0.173190466,0.179749787,0.173709179,0.169962787,-708.3964185,-1945.76624,-0.452033256,-1.487998252,-0.330608885,-0.774156867,-0.299220669,-0.505482594,-0.276276878,-0.464535782,-0.37627618,-0.500820407,-0.445524014,3.786270782,-6.278634258,4.639620346,0.780001722,1.486207933,0.84423536,0.914535341,0.836414727,0.810833023,0.688135703,0.641755841,0.595071235,0.550418001
-5.614218957,-25.74518752,2.144432621,-0.346520661,0.292852051,-0.102329227,0.33908868,-0.046474468,0.21465239,-0.032190815,0.054662193,0.013539005,0.016604331,61.92456216,169.0875393,0.680219322,0.290728091,0.239649842,0.198261455,0.19542167,0.178046003,0.178316196,0.171077643,0.173466429,0.164797536,0.162098474,-708.3964185,-1945.76624,-0.608766395,-1.102498855,-0.493907415,-0.690401364,-0.604486218,-0.605369896,-0.352712059,-0.813119833,-0.53952115,-0.500321526,-0.507676929,2.538631525,-6.68952034,3.752086941,0.818868147,1.035642131,0.588258522,0.895632602,0.509354676,0.77990199,0.525260794,0.664072511,0.480336831,0.493710237
-7.364385369,-29.49362697,2.392752071,-0.896453559,0.261843061,0.015037584,0.319204116,-0.048762797,0.194138634,-0.155817564,0.054249111,0.031771124,0.061428678,67.15304408,183.4660534,0.701999051,0.375722777,0.291310931,0.205770467,0.207667983,0.192513063,0.189874692,0.194412028,0.181574315,0.178723852,0.165675407,-708.3964185,-1945.76624,-0.444981777,-1.993242732,-0.776657177,-0.76107383,-0.264520309,-0.653204297,-0.341552487,-0.739287524,-0.84790284,-0.533207499,-0.450286078,2.756803042,-6.098221903,3.587506891,0.389225445,1.027831925,0.603360843,1.110768021,0.592698711,0.834142267,0.37192612,0.597954186,0.713156755,0.501768926
-7.520646077,-31.28891344,2.196440448,-0.682775747,0.24781559,0.133018689,0.350617046,0.025456116,0.218633554,-0.126655711,0.07496238,0.023838846,0.048928674,72.12798178,196.908854,0.900615554,0.387218985,0.313529138,0.235885128,0.205832427,0.18707871,0.186000849,0.179823111,0.175146135,0.182322429,0.166482844,-708.3964185,-1945.76624,-0.385035033,-2.06513362,-0.485851016,-0.663244442,-0.402373003,-0.713771041,-0.36829724,-0.685254006,-0.72033643,-0.51914476,-0.481643041,3.517581383,-7.149722005,5.169866615,0.661302022,1.320001021,1.028416941,0.904680316,0.572001782,0.763528232,0.451590648,0.601113147,0.598262949,0.512890643
-6.840449245,-29.83940471,2.223291342,-0.802907744,0.280907794,0.019528611,0.345419448,-0.09260502,0.214600925,-0.079830453,0.058738248,-0.054313929,0.040384128,71.11788599,194.0886041,0.807768231,0.335931595,0.236516677,0.197293489,0.217523802,0.179495409,0.198264222,0.173060393,0.178915384,0.164219839,0.16191727,-708.3964185,-1945.76624,-0.404709526,-1.687217972,-0.501021418,-0.654242925,-0.479850631,-0.730481227,-0.455581131,-0.597142191,-0.537307546,-0.497350818,-0.413382939,2.688985389,-5.73028959,3.864898081,0.36130184,1.040270721,0.627836278,0.99997257,0.408422042,0.855128388,0.451182256,0.617430839,0.436889584,0.638148558
-6.738843863,-29.50023683,3.010815889,-1.173585973,0.303489416,-0.013792837,0.375087996,-0.058722604,0.256986898,-0.063609051,0.033091925,-0.01232687,0.025747205,67.65698394,184.6764596,0.820711556,0.42565914,0.258259098,0.214735642,0.224073881,0.190297157,0.195064199,0.182642296,0.174174848,0.178333986,0.169673105,-708.3964185,-1945.76624,-0.942043083,-2.256635754,-0.516693686,-0.703666876,-0.361140668,-0.77148356,-0.333577896,-0.683936189,-0.541338159,-0.580327362,-0.562132931,2.564923865,-6.718103231,4.511285743,0.258318272,1.159491152,0.75358191,1.059826621,0.607428197,0.958224634,0.571937782,0.564215029,0.657978106,0.55739519
-5.488850344,-27.44438245,2.563516015,-0.47961037,0.366462058,-0.235616164,0.203587558,-0.107092975,0.116677371,-0.094700145,0.079994989,-0.080161713,0.059548611,68.28485057,186.2442488,0.786453185,0.235475258,0.22131646,0.194530684,0.217034441,0.192545543,0.191379244,0.188809374,0.188331712,0.170265942,0.168091365,-708.3964185,-1945.76624,-0.584866245,-1.168705951,-0.365917365,-0.896202974,-0.569977461,-0.652937381,-0.485391034,-0.773658386,-0.547135007,-0.628384358,-0.412091296,3.344613741,-5.595790167,4.15984612,0.216516685,1.212490609,0.410639028,0.973726938,0.654852338,0.972393417,0.455171791,0.621238037,0.419870342,0.653509166
-6.083935724,-28.08590417,2.550926121,-0.73361429,0.285051034,-0.04588356,0.264608463,-0.123648611,0.096362984,-0.189792467,0.107766815,0.065959156,0.007727827,67.79585218,185.0059497,0.720866245,0.263153413,0.247063458,0.199842986,0.196832214,0.205983915,0.192258699,0.19491141,0.172185817,0.156510353,0.166626919,-708.3964185,-1945.76624,-0.594484112,-1.821960028,-1.014080467,-0.587542929,-0.42429352,-0.805745768,-0.399324505,-0.74981244,-0.420711802,-0.408506371,-0.480974658,2.687397512,-6.434800683,3.707517999,0.349850565,1.101746184,0.652654154,0.919044569,0.498431942,0.648214196,0.365077496,0.655186414,0.537711816,0.461742602
-2.31782516,-18.57889534,3.060325747,-0.673237244,0.800727482,0.1113227,0.266816136,0.283949554,0.16005587,-0.028369656,0.037527139,0.014051049,-0.055340113,41.76048669,113.858623,1.052033255,0.262878796,0.302754521,0.339467597,0.271449258,0.220534566,0.204628558,0.192549138,0.18419599,0.186459854,0.179879576,-708.3964185,-1945.76624,-0.38466929,-1.517920896,-0.167425221,-0.79042071,-0.654118418,-0.362552468,-0.547911529,-0.74379016,-0.609055759,-0.62489282,-0.723687972,3.335482592,-5.545459509,4.74785914,0.913513993,1.749489518,1.209832214,1.172390064,1.212534192,0.822443081,0.56954477,0.666618755,0.677530506,0.513670185
-5.167113203,-26.00917104,2.264380641,-0.572807366,0.972254743,-0.034914247,0.347103885,0.089395804,0.087735501,-0.152864375,0.184921457,-0.018481523,0.045497789,62.98749552,171.8475513,0.769843149,0.312040447,0.373018538,0.225945599,0.193885953,0.202768546,0.213433043,0.192856181,0.200677339,0.162543092,0.180762065,-708.3964185,-1945.76624,-0.455216592,-1.484725738,-0.293138318,-0.707029845,-0.377275978,-0.492698071,-0.51731417,-0.752461048,-0.411768006,-0.512540167,-0.485699161,3.489966119,-5.599153312,3.858333099,0.356010518,1.816759952,0.823453806,0.988652533,0.725811255,0.684982406,0.432566165,0.856691902,0.409590009,0.651209443
-2.36157457,-19.31653488,1.711854621,-0.18329648,0.543651139,-0.19545506,0.434866328,0.126548038,0.316587681,-0.023909679,0.10280617,-0.029227199,0.03469293,49.89610586,136.037311,0.60843061,0.244685125,0.251259143,0.225706372,0.214224527,0.193762463,0.19569678,0.192575087,0.183061283,0.181220403,0.168611277,-708.3964185,-1945.76624,-0.290872521,-1.140396498,-0.470020776,-0.914357484,-0.284660186,-0.492326063,-0.329264624,-0.597641238,-0.469018173,-0.984924808,-0.493584341,3.174196573,-5.954053024,3.217380976,0.707875913,1.363371385,0.55097211,1.075193378,0.74135153,0.872172064,0.573054026,0.756541594,0.516944726,0.578578592
-3.258756925,-22.19191488,2.459929761,-0.497219475,0.947120308,-0.063960271,0.428492265,0.230404069,0.300689665,-0.016647373,0.113285554,-0.125718423,0.025697483,53.03495757,144.5626267,0.7708742,0.276756304,0.305332174,0.23461093,0.218932952,0.216669479,0.195603234,0.198570026,0.215584511,0.18334128,0.174251778,-708.3964185,-1945.76624,-0.505329526,-1.626406548,-0.559299341,-0.879473291,-0.241710629,-0.482207229,-0.387460708,-0.701441316,-0.542569407,-0.692762429,-0.556390338,3.324248557,-6.349655311,3.911250445,0.38221518,1.695248563,0.723875244,1.294610142,0.914498125,1.006653893,0.83745992,0.897511819,0.483128815,0.628462418
-6.047036704,-30.20045569,2.733341151,-0.307754544,1.086462376,-0.197628465,0.326955755,0.129773325,0.170284518,0.229134061,0.316159875,-0.090235315,-0.012222062,68.23205119,185.9700539,0.784856618,0.27529205,0.325675479,0.205397942,0.246507102,0.184730995,0.203517924,0.18831013,0.18973546,0.166881087,0.188636708,-708.3964185,-1945.76624,-0.523381908,-1.055906601,-0.253219003,-0.747374135,-0.325324825,-0.500560396,-0.556573011,-0.333200224,-0.516983496,-0.748956483,-0.631647182,3.309944399,-7.146744068,4.249053232,0.406490727,1.984869701,0.364750164,1.048521145,0.638398949,0.899283676,0.956870186,0.978330074,0.44970837,0.599079292
-8.195346714,-36.50080396,2.513854744,-0.230863683,1.062483151,0.23449916,0.370920962,0.156001363,0.159957607,-0.12349697,0.232698969,0.033681578,-0.012747397,79.42003315,216.4286159,0.875924894,0.260771965,0.338695117,0.209453573,0.200611767,0.211013887,0.210462906,0.190660145,0.184119203,0.160883725,0.17659708,-708.3964185,-1945.76624,-0.46930782,-1.11037836,-0.336462105,-0.317622751,-0.4471777,-0.427015264,-0.4384602,-0.761770887,-0.429167745,-0.514860005,-0.518816434,3.975105542,-6.802512168,4.160565697,0.682792739,1.906749165,1.065084074,0.938882549,0.76619305,0.849516616,0.419115735,0.810348606,0.547781456,0.4906335
-3.976927757,-23.13569286,2.094493839,-0.364759715,0.872707724,-0.174957927,0.063594222,0.112141045,0.315246653,0.009502037,0.265659348,0.133487195,0.090952414,54.94138232,149.8590437,0.815648536,0.282244296,0.305554644,0.208177481,0.271832884,0.20331183,0.214459617,0.207823704,0.203783333,0.194994106,0.174309707,-708.3964185,-1945.76624,-0.553631714,-1.341855416,-0.284543917,-0.835639549,-0.709787935,-0.568226016,-0.328603341,-0.701402724,-0.512668498,-0.530434379,-0.402570628,3.176115125,-5.47561442,3.926867103,0.321916048,1.906781009,0.485345742,0.998029318,0.8589537,0.963304907,0.760899098,0.93388738,0.863853209,0.672069342
-6.030161812,-31.61882412,2.704725848,-0.136912678,1.12636241,-0.12939139,0.527618569,0.084718499,0.104756621,0.190531051,0.245453964,-0.049041748,0.073784678,72.72825515,198.0767846,0.931016722,0.248478733,0.339769433,0.215631737,0.24995467,0.176396492,0.197046861,0.190483491,0.194187192,0.18519644,0.17461619,-708.3964185,-1945.76624,-0.57249554,-1.146994707,-0.359841867,-1.081191296,-0.302435871,-0.587440091,-0.583090419,-0.499717298,-0.398936496,-0.605968916,-0.621627602,3.570700319,-6.739160716,4.623311375,0.672046225,1.910594464,0.451108163,1.396513048,0.594490749,0.713761442,0.771620136,1.086094719,0.573242947,0.591345954
-5.1259565,-26.92955416,2.422695904,-0.330784549,1.111735904,0.086320889,0.374214508,0.207168661,0.214354515,-0.081142157,0.307268314,0.06437737,-0.091819452,63.77054561,173.8719682,0.656839058,0.38550571,0.362822193,0.205117987,0.211511486,0.244876302,0.257259922,0.278617779,0.241567729,0.219541052,0.192370129,-708.3964185,-1945.76624,-0.399797209,-1.553458349,-0.475315031,-0.513328474,-0.351155569,-0.987513268,-0.576442726,-0.775425532,-0.739213574,-0.68470912,-0.746983793,3.749919605,-6.443973293,3.89478382,0.776173226,2.111703948,0.808379251,1.114376927,0.845033329,0.978411898,0.738598465,1.014541271,0.66753906,0.405831081
-5.4299487,-29.02397689,2.498906587,-0.514879394,0.709468266,0.020664955,0.328704107,0.166202652,0.17375841,-0.03298848,0.109126589,-0.085426388,0.005833197,68.3999563,186.3628722,0.791196798,0.249780488,0.398879257,0.197470664,0.218104141,0.215103339,0.196569514,0.18444673,0.185892643,0.177764563,0.168457029,-708.3964185,-1945.76624,-0.634105135,-1.445404673,-0.605004866,-0.563292354,-0.287493892,-0.34982393,-0.59060601,-0.452248165,-0.567946447,-0.694531591,-0.564391587,3.952797812,-7.046858333,4.297340258,0.30426425,1.634270691,0.59290617,1.130010984,0.787308192,0.801807434,0.563639749,0.742002043,0.408466943,0.574625101
-10.6836104,-42.05223637,2.336763504,-0.324543173,0.819811096,-0.048298346,0.304785008,0.112016934,0.213203484,-0.029636894,0.234186366,0.107893454,0.017165099,87.77309031,239.3504565,0.770238102,0.286031613,0.294355,0.1922277,0.196707662,0.205783338,0.181872911,0.205543191,0.215440258,0.167467328,0.159083026,-708.3964185,-1945.76624,-0.511313424,-1.07633643,-0.273405309,-0.553452564,-0.374133877,-0.416299723,-0.288420752,-0.6110004,-0.453193555,-0.37706949,-0.476218587,3.244474057,-6.931398281,3.790192548,0.326766099,1.498536143,0.548710971,0.901163946,0.871527487,0.81755714,0.531107117,0.947543383,0.520987301,0.468798404
-4.506501628,-25.38534634,1.983553476,-0.241821928,0.716686443,-0.203407819,0.341721477,0.121443622,0.218877589,-0.186878629,0.066472184,0.016622125,0.043819859,63.28046031,172.5087569,0.921235518,0.197001266,0.254655836,0.184453219,0.194628224,0.18489544,0.189065737,0.178868726,0.1815555,0.177079502,0.16304202,-708.3964185,-1945.76624,-0.599099027,-0.832573479,-0.314640795,-0.793269592,-0.307273516,-0.457232812,-0.589725457,-1.026634612,-0.429621533,-0.533313389,-0.482653102,3.552075522,-5.96075392,4.056907967,0.593240269,1.539478144,0.307292702,0.910100034,0.730533989,0.782940637,0.320943314,0.615368833,0.671945891,0.545476181
-6.387417056,-29.4914856,2.28239481,-0.292149141,0.894306383,-0.090035261,0.018871675,0.089241286,0.065150141,-0.165964647,0.261678738,0.038120755,-0.045342716,70.09977907,191.2102807,0.754273133,0.283176695,0.276089382,0.206334234,0.197252073,0.209038583,0.212127805,0.187402878,0.178152291,0.216954983,0.212595538,-708.3964185,-1945.76624,-0.397402726,-1.078469742,-0.275297883,-0.674983068,-0.5335195,-0.528833011,-0.497487441,-0.786175285,-0.383046743,-0.596503784,-0.668952326,3.003292637,-5.725451292,3.522974727,0.442811367,1.89828402,0.70448557,0.596516545,0.732419346,0.765826327,0.353676088,0.786444631,0.726037535,0.614957741
-2.484741224,-20.56316437,3.407252,-0.132459819,1.302225244,0.219636649,0.367820499,0.191148061,0.14412405,-0.177000229,0.121840614,-0.1431496,0.011185933,44.07524069,120.0779495,1.099325556,0.344096639,0.433468914,0.23228357,0.253268353,0.281661378,0.235663561,0.210280968,0.198484778,0.217102914,0.20587626,-708.3964185,-1945.76624,-0.431382154,-1.325193134,-0.096568204,-0.673757014,-0.570342921,-0.806405151,-0.567425399,-0.882964042,-0.602568097,-0.784102117,-0.658305023,3.468891067,-6.714991357,5.459083366,0.924679178,2.583249619,0.888026386,1.303700373,0.978246335,1.027501717,0.498101038,1.028596842,0.548511221,0.675486966
-6.095947773,-29.17669739,1.933464944,-0.457454815,0.482263906,0.013602956,0.2522291,-0.15904989,0.172076663,0.037418045,0.063048846,-0.000815283,0.059260258,68.21417327,186.0610231,0.567247691,0.367210508,0.278475265,0.233326568,0.217514462,0.204571294,0.188799599,0.195621033,0.189997558,0.178401766,0.170185629,-708.3964185,-1945.76624,-0.459860583,-1.273219495,-0.404608997,-0.59784708,-0.357187543,-0.74455967,-0.478844773,-0.573200306,-0.528692745,-0.580266386,-0.457189264,4.281317182,-8.04264617,3.671258927,0.896438712,1.488144433,0.775461683,0.918828654,0.455891116,0.84433923,0.739554229,0.752467328,0.596642576,0.670877221
-3.787361381,-23.36503295,2.452722398,-0.396370277,0.816278389,-0.036424956,0.301825397,0.240901715,0.221025992,-0.010618115,0.17328628,-0.050785051,-0.05350987,58.14688367,158.5174758,0.809651777,0.302820186,0.316988214,0.196685071,0.193850914,0.205556955,0.222907583,0.195928669,0.192559892,0.173152307,0.172941166,-708.3964185,-1945.76624,-0.50701772,-1.238715341,-0.272466081,-0.554884073,-0.320335773,-0.396238657,-0.761507037,-0.647933834,-0.41079626,-0.740822138,-0.583614641,3.441990647,-6.044709449,4.277538568,0.529191742,1.755375557,0.577615241,1.024966174,0.845009188,0.825753625,0.539847326,0.696017772,0.488067205,0.506580021
-3.860990041,-23.69499156,3.049319592,-0.426045198,0.972395472,0.048403084,0.388432495,0.283639593,0.17873027,-0.103677454,0.004955995,-0.074921417,0.063438051,52.50196356,143.1417627,0.996614594,0.276618583,0.290819258,0.210052321,0.222033314,0.202838092,0.229692133,0.186666493,0.186197759,0.181024169,0.178612582,-708.3964185,-1945.76624,-1.430740796,-1.436296585,-0.348130968,-0.64927,-0.536521079,-0.367822145,-0.576416411,-0.847163818,-0.573234078,-0.616928611,-0.496113597,3.141485067,-6.363022358,5.357140877,1.006841436,2.094713962,0.639163137,1.027216043,1.024694567,0.868491712,0.492680774,0.522060913,0.49128793,0.670109999
-5.872489555,-28.97398595,2.288419595,-0.41873694,1.12019333,-0.208068775,0.508990447,-0.000348487,0.383096212,0.036055173,0.197171685,0.085697756,-0.028603682,68.24546767,186.0960934,0.909100631,0.249497428,0.310135296,0.199782475,0.229885356,0.21966084,0.21333182,0.195401752,0.2067777,0.175013832,0.180841648,-708.3964185,-1945.76624,-0.348869654,-1.076047763,-0.264905232,-0.845761365,-0.248721189,-0.679365605,-0.546793857,-0.588706968,-0.697812405,-0.463117139,-0.550256301,2.898041412,-5.914130986,4.28916019,0.409744189,1.919371765,0.621828034,1.252617289,0.575426523,1.022503613,0.610422323,0.790787223,0.647917754,0.644375421
-8.091329985,-35.50775876,2.444535441,-0.06501055,0.897304736,0.011170536,0.514008984,0.051822931,-0.055501216,-0.121175085,0.173134364,0.028462202,0.069631078,78.85970272,214.9739932,0.714380219,0.415097765,0.371774417,0.21133717,0.318284389,0.216602184,0.269047404,0.176948455,0.194578224,0.200940204,0.226956441,-708.3964185,-1945.76624,-0.488496752,-1.117170924,-0.363845165,-0.620489227,-0.294245497,-0.599249423,-0.871073616,-0.711978545,-0.355187642,-0.641904817,-0.545427135,3.350439969,-6.189453174,3.683125893,0.869965193,2.023884587,0.581955043,1.361152026,0.714699262,0.725015771,0.500820133,0.855866197,0.572217976,0.585226458
-4.467199731,-26.58702005,3.183637772,-0.098804502,0.834990665,-0.307440653,0.234569728,0.120386214,0.131201324,-0.212652738,0.03438905,0.046036374,-0.033777382,66.40743973,181.0356292,0.755919344,0.230152432,0.300091321,0.218658564,0.25097529,0.211349229,0.225844009,0.193486308,0.186586124,0.164829,0.16775255,-708.3964185,-1945.76624,-1.42E-14,-0.851341247,-0.261142095,-1.066013968,-0.663943777,-0.532083704,-0.624298796,-0.79962869,-0.493930221,-0.388335172,-0.64983393,3.212347487,-5.886018197,4.453516463,0.626321833,1.616939561,0.356715979,0.953214672,0.58386617,0.828560545,0.323432355,0.56733985,0.618857287,0.48247068
